x,y,z,d,N,M_r,vort_r,ang_r,vort_ang_r,H_sw,M_sw,vort_sw,ang_sw,vort_ang_sw
10,50,50,10,10,0.998956344318386,1.43784708505482,2.70530537445207,1.274235133861,-4.06,0.99896579918492,1.43240567996169,2.68631464631413,1.26817023714636
20,20,20,0,1,0.999990108435397,0.0376048558149863,0,0,10.97,0.999988246950215,0.0421233181092994,0,0
20,20,20,1,10,0.999952039283868,0.281037790476196,0.168802582585935,2.59256028071644,85.15,0.999880039468172,0.735594492700009,0.729027947977782,1.82323025021801
20,20,20,2,10,0.999949861303682,0.345244178726612,0.246950408202325,2.79488683423392,77.25,0.999905448977719,0.627842956228832,0.768244404729792,1.62284635746186
20,20,20,3,10,0.999953438070701,0.398923538486503,0.37120230590963,2.86908048754823,71.75,0.99992493160612,0.544025293552861,0.760434702127153,1.69614433493004
20,20,20,5,10,0.999964500637102,0.370279143092209,0.594670931353387,2.67610351207407,60.05,0.99995214983066,0.399631320778303,0.765060718060758,1.75625948571458
20,20,20,7,10,0.999975418187318,0.312947683582561,0.830061591409106,2.53923113616868,53.28125,0.999968847849578,0.318375168577558,0.783672870463552,1.71922050711407
20,20,20,10,10,0.999981289168344,0.244531091287624,1.08087543100838,2.30419498246661,41.4516129032258,0.999978464189501,0.199754354097874,0.835096117570522,1.60082953511177
20,20,20,15,10,0.999987162266303,0.16434151090183,1.29273217757562,2.14950688920449,24.0909090909091,0.999985120915523,0.141629766420592,1.18684954684523,1.70442028207749
20,20,20,20,10,NaN,NaN,NaN,NaN,NaN,NaN,NaN,NaN,NaN
20,20,20,30,10,NaN,NaN,NaN,NaN,NaN,NaN,NaN,NaN,NaN
20,20,20,50,10,NaN,NaN,NaN,NaN,NaN,NaN,NaN,NaN,NaN
20,20,20,70,10,NaN,NaN,NaN,NaN,NaN,NaN,NaN,NaN,NaN
20,20,20,100,10,NaN,NaN,NaN,NaN,NaN,NaN,NaN,NaN,NaN
20,50,50,10,10,0.997285947172419,1.83992993769386,2.95752871637279,1.07260098885309,-5.07,0.997050703000028,2.00193029105194,2.82839286667292,1.21815006757907
28,20,20,0,1,NaN,NaN,NaN,NaN,NaN,NaN,NaN,NaN,NaN
28,20,20,1,10,NaN,NaN,NaN,NaN,NaN,NaN,NaN,NaN,NaN
28,20,20,2,10,NaN,NaN,NaN,NaN,NaN,NaN,NaN,NaN,NaN
28,20,20,3,10,NaN,NaN,NaN,NaN,NaN,NaN,NaN,NaN,NaN
28,20,20,5,10,NaN,NaN,NaN,NaN,NaN,NaN,NaN,NaN,NaN
28,20,20,7,10,NaN,NaN,NaN,NaN,NaN,NaN,NaN,NaN,NaN
28,20,20,10,10,NaN,NaN,NaN,NaN,NaN,NaN,NaN,NaN,NaN
28,20,20,15,10,NaN,NaN,NaN,NaN,NaN,NaN,NaN,NaN,NaN
28,20,20,20,10,NaN,NaN,NaN,NaN,NaN,NaN,NaN,NaN,NaN
28,20,20,30,10,NaN,NaN,NaN,NaN,NaN,NaN,NaN,NaN,NaN
28,20,20,50,10,NaN,NaN,NaN,NaN,NaN,NaN,NaN,NaN,NaN
28,20,20,70,10,NaN,NaN,NaN,NaN,NaN,NaN,NaN,NaN,NaN
28,20,20,100,10,NaN,NaN,NaN,NaN,NaN,NaN,NaN,NaN,NaN
30,30,30,0,1,0.999169190347192,0.327747969744308,0,0,12.4,0.999054457076144,0.308845202079423,0,0
30,30,30,1,10,0.999412303735849,0.136169661338655,0.019476650211873,1.5055045191541,106.35,0.99897100899213,1.33632243307743,0.413463523123002,2.00598201808715
30,30,30,2,10,0.999426589453247,0.159297904904128,0.0257834342178136,1.43942551141918,98.55,0.999055291996865,1.21597324262126,0.449270457006139,1.93316946723491
30,30,30,3,10,0.999413758699944,0.181063759973904,0.0319706748837078,1.36825725062529,91.8,0.999113540058418,1.11897424902824,0.471267370148986,1.92213114820999
30,30,30,5,10,0.999333613333698,0.379234789515704,0.0986452295638477,1.69770172832537,79.55,0.999160952960753,0.954955705073154,0.556241065747994,1.76523749534797
30,30,30,7,10,0.999245794453103,0.550616999026976,0.207711578989018,2.1730207510827,69.1,0.999196286245708,0.797769554244988,0.633546622925361,1.67435937381096
30,30,30,10,10,0.999092878772029,0.618615459961377,0.402171791637067,2.24281131332873,57.75,0.999177764559793,0.662373772021418,0.662542974277451,1.58263909684324
30,30,30,15,10,0.999027833445121,0.566139844742835,0.832997053281731,2.03753695067252,43.6,0.999145340065581,0.509990524294693,0.730349948267035,1.38630673314353
30,30,30,20,10,0.999049926993705,0.495802408997431,1.08831428775747,1.95300900654844,34.5,0.999129613177959,0.43321052042378,0.802807175865258,1.23805184602515
30,30,30,30,10,0.999025486067902,0.418446812078257,1.21625338887315,1.74959345080712,23.75,0.999096113761312,0.387197343806424,0.890122951419744,1.2042107407566
30,30,30,50,10,0.999032125231231,0.372087814621172,0.118528815040483,0.473150168600791,16.05,0.999067099829056,0.357835491930806,0.722920878388686,1.00733282078602
30,30,30,70,10,0.99910150962117,0.385906032302825,0.0542273917160981,0.294096729779855,13.9,0.999046804858747,0.359240896171125,0.224900378454875,0.481627564383022
30,30,30,100,10,0.999135552641932,0.356452401954976,0.0272145223528235,0.306608101463825,12.35,0.99904508668653,0.331802501979452,0.0767283181283227,0.355782245924792
30,50,50,10,10,0.993845440456831,2.25781475302402,2.42351135946174,1.11683190850992,3.4,0.993260084288111,2.59144172962508,2.59526495093706,1.18014607721376
33,30,30,0,1,NaN,NaN,NaN,NaN,NaN,NaN,NaN,NaN,NaN
33,30,30,1,10,NaN,NaN,NaN,NaN,NaN,NaN,NaN,NaN,NaN
33,30,30,2,10,NaN,NaN,NaN,NaN,NaN,NaN,NaN,NaN,NaN
33,30,30,3,10,NaN,NaN,NaN,NaN,NaN,NaN,NaN,NaN,NaN
33,30,30,5,10,NaN,NaN,NaN,NaN,NaN,NaN,NaN,NaN,NaN
33,30,30,7,10,NaN,NaN,NaN,NaN,NaN,NaN,NaN,NaN,NaN
33,30,30,10,10,NaN,NaN,NaN,NaN,NaN,NaN,NaN,NaN,NaN
33,30,30,15,10,NaN,NaN,NaN,NaN,NaN,NaN,NaN,NaN,NaN
33,30,30,20,10,NaN,NaN,NaN,NaN,NaN,NaN,NaN,NaN,NaN
33,30,30,30,10,NaN,NaN,NaN,NaN,NaN,NaN,NaN,NaN,NaN
33,30,30,50,10,NaN,NaN,NaN,NaN,NaN,NaN,NaN,NaN,NaN
33,30,30,70,10,NaN,NaN,NaN,NaN,NaN,NaN,NaN,NaN,NaN
33,30,30,100,10,NaN,NaN,NaN,NaN,NaN,NaN,NaN,NaN,NaN
36,30,30,0,1,NaN,NaN,NaN,NaN,NaN,NaN,NaN,NaN,NaN
36,30,30,1,10,NaN,NaN,NaN,NaN,NaN,NaN,NaN,NaN,NaN
36,30,30,2,10,NaN,NaN,NaN,NaN,NaN,NaN,NaN,NaN,NaN
36,30,30,3,10,NaN,NaN,NaN,NaN,NaN,NaN,NaN,NaN,NaN
36,30,30,5,10,NaN,NaN,NaN,NaN,NaN,NaN,NaN,NaN,NaN
36,30,30,7,10,NaN,NaN,NaN,NaN,NaN,NaN,NaN,NaN,NaN
36,30,30,10,10,NaN,NaN,NaN,NaN,NaN,NaN,NaN,NaN,NaN
36,30,30,15,10,NaN,NaN,NaN,NaN,NaN,NaN,NaN,NaN,NaN
36,30,30,20,10,NaN,NaN,NaN,NaN,NaN,NaN,NaN,NaN,NaN
36,30,30,30,10,NaN,NaN,NaN,NaN,NaN,NaN,NaN,NaN,NaN
36,30,30,50,10,NaN,NaN,NaN,NaN,NaN,NaN,NaN,NaN,NaN
36,30,30,70,10,NaN,NaN,NaN,NaN,NaN,NaN,NaN,NaN,NaN
36,30,30,100,10,NaN,NaN,NaN,NaN,NaN,NaN,NaN,NaN,NaN
39,30,30,0,1,NaN,NaN,NaN,NaN,NaN,NaN,NaN,NaN,NaN
39,30,30,1,10,NaN,NaN,NaN,NaN,NaN,NaN,NaN,NaN,NaN
39,30,30,2,10,NaN,NaN,NaN,NaN,NaN,NaN,NaN,NaN,NaN
39,30,30,3,10,NaN,NaN,NaN,NaN,NaN,NaN,NaN,NaN,NaN
39,30,30,5,10,NaN,NaN,NaN,NaN,NaN,NaN,NaN,NaN,NaN
39,30,30,7,10,NaN,NaN,NaN,NaN,NaN,NaN,NaN,NaN,NaN
39,30,30,10,10,NaN,NaN,NaN,NaN,NaN,NaN,NaN,NaN,NaN
39,30,30,15,10,NaN,NaN,NaN,NaN,NaN,NaN,NaN,NaN,NaN
39,30,30,20,10,NaN,NaN,NaN,NaN,NaN,NaN,NaN,NaN,NaN
39,30,30,30,10,NaN,NaN,NaN,NaN,NaN,NaN,NaN,NaN,NaN
39,30,30,50,10,NaN,NaN,NaN,NaN,NaN,NaN,NaN,NaN,NaN
39,30,30,70,10,NaN,NaN,NaN,NaN,NaN,NaN,NaN,NaN,NaN
39,30,30,100,10,NaN,NaN,NaN,NaN,NaN,NaN,NaN,NaN,NaN
40,40,40,1,10,0.998558409780816,0.130551873003905,0.0137780731975457,2.00977452507878,NaN,NaN,NaN,NaN,NaN
40,40,40,2,10,0.998553840496443,0.104087131056922,0.0103361780598984,1.48006297722392,105.05,0.997152760279112,1.56357069103726,0.406548495014633,1.78765363937144
40,40,40,3,10,0.99848755352077,0.102813789142861,0.0100019073416337,1.27500668635163,98.4,0.997268770503694,1.44841683407771,0.421949595740664,1.85952206441567
40,40,40,5,10,0.998238405510474,0.151464440108257,0.0185622835059489,1.11140823990902,87.9,0.997322732872839,1.32356683262845,0.456156006465753,1.87678185356661
40,40,40,7,10,0.997891280352138,0.297077826674006,0.0522258797549806,1.57243875788538,77.75,0.997337959955816,1.15968263965483,0.505939338851435,1.86009447375434
40,40,40,10,1,0.996842570155592,0.256651947317988,0,0,11.7,0.99637599170868,0.285436718901807,0,0
40,40,40,10,2,0.996420162744817,1.99508943183894,1.34885314385437,0.192805084062335,34.45,0.995765269914967,2.00142839941064,1.0725409808271,1.38993502268362
40,40,40,10,3,0.996744364136504,1.35693234359126,0.946687385993847,1.5524481846434,46.45,0.996243884062985,1.44990893635905,1.21366532037836,1.55107914273801
40,40,40,10,4,0.996630958888588,1.33124041104003,0.467423994227829,2.53916762250344,56.75,0.996513565938588,1.4157857115692,0.907543815533415,2.05276664222567
40,40,40,10,5,0.997018016850921,1.07915827590307,0.488174874971913,2.17101492371009,60.4,0.996768523285002,1.23640090936961,0.887924435771914,1.94030622694238
40,40,40,10,6,0.996966922451214,1.01726256489339,0.269392025448725,2.78802183308535,64.35,0.996839088230863,1.29123384221921,0.734547766235769,1.99871841087226
40,40,40,10,7,0.997152491224239,0.83475250535639,0.275889738356057,2.28276905461361,64.85,0.997047150391901,1.09194405302355,0.770277770114626,1.80199123887986
40,40,40,10,8,0.99724364438227,0.777116404798062,0.214425629692059,2.51836818008004,66.7,0.997076471145986,1.16259294266382,0.635109824743798,1.89668313636204
40,40,40,10,9,0.997325145469029,0.688981210967724,0.200304537930813,2.16119720615333,66.35,0.997262694282308,0.942899176281497,0.677851569358614,1.64921574561301
40,40,40,10,10,0.997385195991971,0.627193686223003,0.17133822026459,2.1303856308268,67,0.997300196167212,0.964558198366745,0.543932392933054,1.75118169075811
40,40,40,10,11,0.997444813247476,0.580703898272534,0.1568256027491,1.83780047421947,66.85,0.997394480826241,0.837052043074531,0.605652623171036,1.59224366520658
40,40,40,10,12,0.997492009566239,0.536936475363133,0.139904226005355,1.7333058029222,67.3,0.997410577057557,0.865911958034997,0.523211034094484,1.71918959454344
40,40,40,10,13,0.99753053711587,0.504003977417835,0.129408401220675,1.59938681495785,67.15,0.997482357233147,0.760931580235397,0.553597156839278,1.53113263837237
40,40,40,10,14,0.997562032292483,0.476136291961524,0.118691094028555,1.49450942736282,67.3,0.997509319213537,0.763913879005114,0.503284086423915,1.6187637012321
40,40,40,10,15,0.997597477342332,0.453608522130209,0.11126502423181,1.39834239138228,67.05,0.997569978022742,0.676411666130875,0.535794187178702,1.43285904460304
40,40,40,10,16,0.99762080779875,0.427493702100358,0.103164861765083,1.32024303762252,67.2,0.99758659019807,0.677704290329894,0.472031430622788,1.55134273555214
40,40,40,10,17,0.997644486723378,0.409771442217348,0.0971862673822698,1.24277106278784,67.15,0.997631302954149,0.601382361335967,0.513207730785908,1.33731214723198
40,40,40,10,18,0.997661453137671,0.390226660030975,0.0907318601684244,1.17992490518737,67.6,0.997629610741179,0.617555716822292,0.473443140675251,1.43542340503282
40,40,40,10,19,0.997680534064552,0.37842271833797,0.0868371906281308,1.12495613998275,67.7,0.997667783222179,0.567923661413097,0.484570513685657,1.30108064386635
40,40,40,10,20,0.997699923878775,0.365412484739566,0.0825775736346037,1.08019458882826,67.6,0.997683776682655,0.573280740231021,0.441324891006588,1.39232790795933
40,40,40,10,21,0.997701373117799,0.341823364410698,0.0761481959043876,1.03022035757656,67.55,0.997716481579839,0.527392530935348,0.467700198648373,1.23829300200392
40,40,40,10,22,0.997712900706894,0.328190422999979,0.0717162235274383,0.992518629972101,68.2,0.997705691846114,0.5422450905129,0.436725533840158,1.34706256067566
40,40,40,10,23,0.997722263590441,0.318615836087464,0.0686485743031865,0.958074157898503,68.15,0.997734281116118,0.491267710898144,0.451789632188652,1.19703545564662
40,40,40,10,24,0.997729718185011,0.309209195562293,0.0656310526948202,0.935680651789931,68.35,0.997737250925084,0.509200206958209,0.420642988766783,1.27873411904365
40,40,40,10,25,0.99773967457399,0.300670677229707,0.0632661304758515,0.917906236464698,67.95,0.99776740653267,0.472603592146769,0.438317476487455,1.14966460034842
40,40,40,10,26,0.997744766951711,0.292308865427845,0.0606006025087126,0.899194153633744,67.95,0.997773988159823,0.477855834507226,0.405431316475481,1.2303824472054
40,40,40,10,27,0.997754756730798,0.284827434435331,0.0583483693210351,0.875359520809673,67.65,0.997797798298584,0.435486693891184,0.430664053327456,1.11633588048686
40,40,40,10,28,0.99776086475579,0.279078614680824,0.0569287861870703,0.852368881662667,67.95,0.997794101480377,0.452116146055057,0.402172942666769,1.19703568277121
40,40,40,10,29,0.997765788070892,0.272167377736188,0.0544594142494543,0.827405157632491,67.85,0.997809558911019,0.419645886263186,0.416711196631418,1.10480864844876
40,40,40,10,30,0.997772072255273,0.26639972659801,0.0529301349914476,0.809238186009627,67.95,0.997812564884721,0.426139147809066,0.396262187749184,1.14781862790109
40,40,40,15,10,0.996802111576792,0.700689912491809,0.409926740315005,2.52019204353816,53.6,0.997129156593036,0.743552164588522,0.649056310395663,1.6355887880466
40,40,40,20,10,0.996603789271354,0.625464783960329,0.711975162820788,2.46137363227352,43.55,0.99701247601202,0.579212716788214,0.730632523441345,1.45340787694075
40,40,40,30,10,0.996730911872571,0.475452647707641,1.14652204814092,2.02285223001092,30.4,0.9968481265378,0.396538542710313,0.832719138196456,1.12069909706637
40,40,40,40,10,0.996603595517423,0.356460451953134,1.22873010599571,1.64821864432433,23.2,0.996733267128189,0.324339426875599,0.929144196826893,1.14235334399464
40,40,40,50,10,0.99640885536587,0.276506541217177,0.827244686917005,1.00554990910286,18.5,0.996676850098725,0.284808682994664,0.997647128772826,1.08028548578389
40,40,40,70,10,0.996568582190339,0.241944702273232,0.114715054358726,0.372386767304547,14.95,0.996571678110633,0.262727986670825,0.605927512202452,0.75438998055102
40,40,40,100,10,0.996741816598779,0.237938806718354,0.0251604761213652,0.200408917286935,12.75,0.996476832174124,0.257220285914081,0.0960896358483742,0.263726406643833
40,50,50,10,10,0.996060724357877,1.35269429872756,1.12168995592725,2.5332143733597,46.25,0.993864805594199,1.59025743756796,1.27447002596269,1.05294795730721
42,30,30,0,1,0.997393167888472,0.0937366864408598,0,0,42.84,0.99847152956978,0.0930000381682487,0,0
42,30,30,1,10,0.999629411377017,0.0393130076331203,0.00172505080228012,0.991674892748835,122.3,0.998642080738949,0.986808796711553,0.151237577571865,1.15830199718955
42,30,30,2,10,0.999598409397506,0.0383693253800525,0.00124291976577311,0.600378182718077,117.525252525253,0.998735488559031,0.863672945903924,0.14816879462574,1.08489859829691
42,30,30,3,10,0.999540009898865,0.0404555104568693,0.00206121766112408,0.548923407205653,114.184782608696,0.998790227485968,0.784824605650658,0.151604784607883,1.2019722338898
42,30,30,5,10,0.999379994801106,0.0406219775529718,0.00147128243748457,0.601061112161586,104.06976744186,0.998855411571307,0.649510190514262,0.138930522352201,1.06841753572374
42,30,30,7,10,0.999192127135515,0.0394004552114336,0.00168354801222596,0.418525588106866,98.0128205128205,0.998850842244807,0.533944933465048,0.140270070043606,0.992391733295686
42,30,30,10,10,0.998893621258297,0.0432639741520345,0.00175187335921843,0.479830142422675,89.0789473684211,0.99880851404551,0.427722041731214,0.128484423940571,0.938220259194792
42,30,30,15,10,0.99848790712804,0.0442334740284325,0.00134209972715085,0.392019809125334,79.041095890411,0.998719746440181,0.286811379921464,0.11663820803546,0.803770257198732
42,30,30,20,10,0.998173586808317,0.0484816740602486,0.00223096276817,0.622786375546206,70.4225352112676,0.998665178666173,0.206948115853559,0.110204769648978,0.790215508557086
42,30,30,30,10,0.997811320009221,0.046428405905645,0.00489004015960909,0.693333713161973,60.8730158730159,0.998567637512456,0.138339725722231,0.0994092190508985,0.758468955682285
42,30,30,50,10,0.997550715659986,0.0527495091638963,0.00503978811145849,0.499868687878368,52.0833333333333,0.998507803235013,0.0905843073404612,0.0356220966915384,0.433582021978755
42,30,30,70,10,0.997498623333719,0.0597005129543325,0.00683760493568104,0.667479128933115,49.8412698412698,0.998484650028932,0.0861929001802631,0.0364667589901625,0.481480559013827
42,30,30,100,10,0.997472103548013,0.0579003734388357,0.00800413562776528,0.505566072261076,48.3898305084746,0.998455633731812,0.0848942122863269,0.012694686312998,0.385254221656672
44,40,40,0,1,0.995620008285483,0.132031071449767,0,0,18.9,0.995897813369142,0.148649146366686,0,0
44,40,40,1,10,0.998710490878413,0.0601150814997293,0.00437722884295896,1.29070442103448,116.05,0.99705106636696,1.47798080498783,0.269837118261189,1.5659570224391
44,40,40,2,10,0.998673111681163,0.0493714508860512,0.00280475583446335,1.069849314031,109.8,0.997131365763368,1.33316865442751,0.281452261030874,1.58771664326747
44,40,40,3,10,0.998582416670137,0.0467553281092201,0.00246447753409858,0.666125927298794,105.85,0.997135919345143,1.30741733565782,0.307695692330408,1.69093214616099
44,40,40,5,10,0.998265733312034,0.0445461195292935,0.0032528011029556,0.723800704190961,95.25,0.997247109803758,1.11485446547625,0.303671484952059,1.73568399647405
44,40,40,7,10,0.997899698503309,0.0552182440336674,0.00455038001948249,0.909717551120375,86.6,0.997201876341348,0.995996075839159,0.316877687298671,1.75425661055375
44,40,40,10,10,0.997201446070821,0.0564159739551227,0.005353096645952,0.937334582149002,76.7,0.997066722260616,0.854560631098288,0.339228765001815,1.7658795813875
44,40,40,15,10,0.996115282228654,0.085507890715597,0.0188015832254947,1.28100265719679,63.3,0.996839979387616,0.633884361586715,0.374797970142033,1.70617186308785
44,40,40,20,10,0.995202711693798,0.185921780825989,0.065771699019131,1.8615268699236,53.35,0.996642165250726,0.460166675631575,0.406942131136383,1.59680338577651
44,40,40,30,10,0.994447200501736,0.285778513722739,0.26234393530732,2.39341656730294,41,0.996391224228926,0.268333772361569,0.385156187385475,1.26541543224833
44,40,40,50,10,0.994901214031088,0.181304481954235,0.781435670128669,2.06317212114427,29.5,0.996200288505944,0.153490509371536,0.39355549678473,0.871384083099061
44,40,40,70,10,0.994545064308398,0.123791724003399,0.288948934772173,1.2158905904898,24.45,0.996102415193839,0.128908252862867,0.355908359136365,0.674981450030177
44,40,40,100,10,0.99521047807242,0.0930452427631967,0.0516894645583771,0.856534602137477,21.3,0.996033156861088,0.125069805610043,0.232766127767481,0.495001923965415
48,40,40,0,1,0.993558001067516,0.211310403559512,0,0,25.65,0.995515231652951,0.107376549334491,0,0
48,40,40,1,10,0.998766135590157,0.0799812884485206,0.0040816143216689,0.964684707173284,119.25,0.996769519701055,1.36702641235084,0.214639764237413,1.42233703168351
48,40,40,2,10,0.998711558306844,0.0629183909832705,0.00294685199628088,0.806242876406795,112.3,0.996874699586774,1.23644405100805,0.226208973577913,1.41782298258309
48,40,40,3,10,0.998601659190145,0.0661020784384815,0.00269121416330939,0.631031551854488,108.85,0.996933662286567,1.18976686981106,0.233033036212949,1.52635224225823
48,40,40,5,10,0.998256825417142,0.067680173040194,0.00274306837217079,0.653041796886828,99.85,0.996949830147942,1.02420746154438,0.237085630205706,1.54736318231748
48,40,40,7,10,0.997818762527404,0.0783860844269985,0.00404959197041457,0.682968034411161,92.6,0.996916664302707,0.933888835223548,0.233614149940242,1.5508887237929
48,40,40,10,10,0.997105353471128,0.0860027002032226,0.00344510100988695,0.444811231244405,82.45,0.996774224881732,0.757329231835038,0.240286834038916,1.51776535829159
48,40,40,15,10,0.995905695041551,0.106548601469372,0.00587734645425263,0.529929372221351,70.5,0.996487131260177,0.566593615885661,0.235162066219844,1.42035848112208
48,40,40,20,10,0.994904003635515,0.125801143766007,0.00760272915682461,0.353197004585126,60.1,0.996245519385694,0.423905820703809,0.22009048050555,1.24756749829314
48,40,40,30,10,0.993552117735227,0.167408882535607,0.0250476350679513,0.631637364035416,48.55,0.995924373645624,0.260003688639015,0.202150033839883,1.03342308453777
48,40,40,50,10,0.992414290707954,0.219207067941627,0.0576576536733311,0.755575442847752,36.7,0.995739627250761,0.143834307968492,0.175477587718363,0.711691151754154
48,40,40,70,10,0.99209539420375,0.236043386787765,0.0707391902319877,0.507869252823989,31.6,0.995644788095577,0.114778113433165,0.135188363114026,0.48786841173504
48,40,40,100,10,0.992254353253011,0.236249195787524,0.0646457796076941,0.398704660144461,29.15,0.995603373011832,0.105470638261885,0.103304957669398,0.444769163839683
50,50,50,1,10,0.997445091466366,0.0426994307475674,0.0029590254843715,2.03145866634355,109.6,0.994293716767628,1.92443045167248,0.352146455502059,1.73317821507727
50,50,50,2,10,0.997388557353536,0.0506931113213537,0.00334798417558288,2.00997678293834,103.75,0.994379945453453,1.74803417881979,0.37598394121976,1.89470129559444
50,50,50,3,10,0.99724678944767,0.0544778272590774,0.00391546485385696,1.37788938297973,100,0.994394897695001,1.68893578282347,0.401548646903652,1.96156511630882
50,50,50,5,10,0.996758643780442,0.0756796374725802,0.00550094177380437,0.987828325837543,90.2,0.994463329331324,1.53755192980085,0.423529951397428,1.98755903143439
50,50,50,7,10,0.996120497138356,0.112704181249715,0.0114977043176523,1.2760394659073,83.35,0.994264805463227,1.49238643075685,0.462304128472939,1.98005631217555
50,50,50,10,1,0.991594585872306,0.173808370451958,0,0,10.3,0.991017585409057,0.197856200927032,0,0
50,50,50,10,2,0.991490540493974,2.33336499945251,1.28642616044612,0.141591351907869,33.85,0.989552974263497,2.88544197515864,1.11834930219578,1.34582630376893
50,50,50,10,3,0.992880457054926,1.58016156886122,0.813290776117624,1.54773936161119,47.15,0.991371644352044,1.90824706165252,1.20586976797176,1.56726681037937
50,50,50,10,4,0.992508861362335,0.737678066324392,0.113547475971388,2.53753022654189,60.5,0.992071091329285,1.96244175564538,0.864775473076053,2.11022362781843
50,50,50,10,5,0.993404456875017,0.707832269167708,0.154260020920292,2.24582493445308,63.35,0.992749905620069,1.56782723520418,0.876591769208684,2.00033419225591
50,50,50,10,6,0.993898422982641,0.504978665089659,0.0745331048709286,2.55648961879368,69.9,0.992724710937322,1.84482962616323,0.645524930955895,2.25449771539006
50,50,50,10,7,NaN,NaN,NaN,NaN,NaN,NaN,NaN,NaN,NaN
50,50,50,10,8,0.994589591121367,0.360120792120145,0.054777482514641,2.12757869960718,71.75,0.99355299972057,1.55659774608529,0.566755907067654,2.04166328101193
50,50,50,10,9,0.994824778984997,0.32156897613335,0.0494896870050548,1.7712489474552,71.5,0.994012323027656,1.21262488613207,0.621601403657931,1.76976277949974
50,50,50,10,10,0.995010331519904,0.296009911149103,0.044123515259202,1.72314299350783,72.6,0.994092107072246,1.26499767108734,0.500854185236808,1.89764909272838
50,50,50,10,11,0.995163283616359,0.264681290047067,0.0377217552073857,1.47509721388789,72.3,0.994362118270081,1.06225701533244,0.545763097055632,1.6948188286366
50,50,50,10,12,0.99527982507722,0.24399706723814,0.0338024149882457,1.36387914112316,72.75,0.994398066607462,1.10328448354178,0.465837166153859,1.84661527706523
50,50,50,10,13,0.995384119794934,0.220006412790344,0.0294748405622413,1.22508840800619,72.6,0.994583602364861,0.931444544720207,0.500733807552787,1.63321588208919
50,50,50,10,14,0.995480931656578,0.213251328083634,0.0267725173632268,1.13114751163332,72.9,0.99467408986774,0.952837962930878,0.419183492874125,1.77504445594811
50,50,50,10,15,0.995560814828762,0.197127167163778,0.0239566699837173,1.02889699206928,72.85,0.994799456388193,0.831918917863621,0.447059840215432,1.5655816122478
50,50,50,10,16,0.995633748995412,0.187692471503988,0.0229909825445708,1.00328869124048,72.9,0.994835643541772,0.854562798366045,0.394170579647551,1.71014201968409
50,50,50,10,17,0.995695844759136,0.192537060556406,0.0238973640240054,1.01624652508509,73.2,0.994934462760568,0.753659314794763,0.413832718709099,1.50078251290594
50,50,50,10,18,0.995756748212686,0.174685821843211,0.0206560587085281,0.927064501065353,73.1,0.99498664141868,0.760789295514146,0.36292850051778,1.63413873320515
50,50,50,10,19,0.995801594520094,0.176280907133475,0.0212649064120526,0.917689108200125,73.15,0.995062926496776,0.688860297291796,0.385095222958585,1.45080989983741
50,50,50,10,20,0.995849275598084,0.173987243659153,0.0206668125469876,0.888648278022996,72.85,0.995118816638439,0.689451177670268,0.33637997479171,1.58437599244587
50,50,50,10,21,0.995891579577693,0.157105322603855,0.0176100197198863,0.809407567604032,73.3,0.995162679298156,0.631643236379248,0.351698404558093,1.40459351672592
50,50,50,10,22,0.995923256258565,0.143226157392973,0.0153402033906465,0.783855144045581,73.25,0.995201307197464,0.634410180388236,0.312531153338555,1.53453628099266
50,50,50,10,23,0.995955460040609,0.140198199437677,0.0148112673479609,0.754376917582513,73.2,0.995241167124261,0.585288239922069,0.336222711780263,1.34236070952899
50,50,50,10,24,0.995990647844053,0.149320587780101,0.0163655072472717,0.779439564397372,73.2,0.995279188847826,0.591087307260969,0.290217007596803,1.46502199451616
50,50,50,10,25,0.99602334023729,0.143560713620747,0.0156568515722802,0.752924302290188,73.15,0.995332161488414,0.546939228316949,0.299935478498435,1.30972502905469
50,50,50,10,26,0.996048200777494,0.13965238872389,0.0144919318887832,0.735551247168399,73.35,0.995325619193532,0.55188313265166,0.282393662746723,1.39912295929967
50,50,50,10,27,0.996066545378025,0.13200701138527,0.0135845708688561,0.701372713018397,72.85,0.995399588183166,0.510980987849769,0.286735572990389,1.25179318498372
50,50,50,10,28,0.996094022005719,0.140159912198368,0.0148814769855295,0.72771458884374,73.25,0.995390192852839,0.511545450533226,0.273995962931422,1.35179783907965
50,50,50,10,29,0.996114002321469,0.128350470430737,0.01293050445585,0.688548613018873,73.35,0.995488066333945,0.472550061532234,0.277565160433545,1.20488904396751
50,50,50,10,30,0.996139370956806,0.136617722274931,0.0140803970118629,0.705295866819526,73.1,0.995454287402883,0.483589087639057,0.25462670581042,1.28966492935818
50,50,50,15,10,0.993505820520595,0.760373969366416,0.209211497350831,2.49466295030212,59.45,0.993623159921484,1.07433182377495,0.593754184394624,1.83521858898987
50,50,50,20,10,0.992495396666168,0.776063619087923,0.415920323462925,2.79111440565869,49.3,0.993176280488583,0.853942781594283,0.682723697292837,1.66986070842702
50,50,50,30,10,0.99189334103326,0.612138056296806,0.861964384485357,2.53782914496337,36.25,0.992538815371141,0.569084726782143,0.80031538608127,1.3488175320981
50,50,50,40,10,0.99196269978465,0.471426306104916,1.15947533651958,2.10047411661587,27.35,0.99213537911873,0.394697442811209,0.874219475697463,1.2468644618044
50,50,50,50,10,0.991871585166889,0.342268554526542,1.30121766026336,1.75940610620953,22.05,0.991876535370032,0.328589028134178,0.97112054670198,1.19204950287228
50,50,50,70,10,0.990716169240328,0.205293902524458,0.208797331009336,0.425204027712601,15.9,0.991558387813969,0.228025786141039,1.06837033324555,1.17847437769656
50,50,50,100,10,0.991357143103856,0.170372405573404,0.0436472644395132,0.211584712387565,13.4,0.991280372815215,0.192901978023936,0.242427234005853,0.423218015860558
52,40,40,0,1,0.991468135705663,0.138553787674208,0,0,35.6,0.995142434542418,0.12708363643753,0,0
52,40,40,1,10,0.99884043407542,0.0455150093643045,0.00295521133631251,1.69757047350827,122.9,0.996605404550178,1.21929359863899,0.179836794032276,1.52196957379511
52,40,40,2,10,0.998786836497678,0.0454791776804358,0.00325323974871758,1.57575124662905,117.05,0.996739658423909,1.09994461730016,0.178124910243961,1.57312740149767
52,40,40,3,10,0.998662387589184,0.0510552588506412,0.00328580214390825,1.53646696794446,113.65,0.996808638025223,1.01791332184873,0.175712382455453,1.64977268328683
52,40,40,5,10,0.998315937197314,0.0417454048344452,0.00286711556079532,1.54926901554249,105.2,0.996830564851525,0.880070952024378,0.171422417492676,1.53464977453508
52,40,40,7,10,0.997861574050886,0.04450383141544,0.00331040532089105,1.4516148940687,97.95,0.996772750587399,0.746221528790703,0.161449008553077,1.55990271042678
52,40,40,10,10,0.997095666890659,0.0482018376981981,0.00424855571948823,1.40767448497751,88.8,0.996616707324849,0.612021446794596,0.16025674664498,1.56362899398624
52,40,40,15,10,0.99590388731636,0.0534573067870708,0.00415272438113972,1.13661485346192,77.1,0.996271752202536,0.460172472479304,0.14366764775231,1.52164902664634
52,40,40,20,10,0.994862352842417,0.0479135262270412,0.00499840770436233,1.18522080945396,68.65,0.995985768726841,0.342972684147377,0.134423284449435,1.32352089882694
52,40,40,30,10,0.993450907525973,0.0568496574315529,0.00851400099362448,1.39166510220599,57.15,0.995634088629403,0.218960347680865,0.123687148089601,1.2245959241181
52,40,40,50,10,0.992192652277687,0.0753003299537106,0.008768505220956,1.12211357023331,45.95,0.995310739725232,0.129870649956362,0.0825075950246859,0.816808407109633
52,40,40,70,10,0.991755967296361,0.0890214364214683,0.0118094835870505,1.22494722260161,41.2,0.995244626318046,0.101190630655258,0.0524243719601625,0.777568615927052
52,40,40,100,10,0.991487264653578,0.110532479962627,0.0113602629143548,1.38335068790128,38.55,0.995141346063428,0.103143938286421,0.0345201118140865,0.756173836433926
55,50,50,0,1,0.989442739481111,0.0780047932138389,0,0,17.15,0.990103624699657,0.0866546312133737,0,0
55,50,50,1,10,0.997587204089482,0.0534118005064957,0.00194506083362018,0.817192875676814,114.4,0.994185574045139,1.75890774629914,0.268863628193172,1.58362112856081
55,50,50,2,10,0.997498995562404,0.0492466869756917,0.00180627566339285,0.892150916315993,109.85,0.994267346994157,1.60134466188203,0.288693276709332,1.72391846321219
55,50,50,3,10,0.997324881842773,0.0512808739536178,0.00219801199725298,0.867420602280434,105.1,0.994361595976949,1.51971533654754,0.288362725257715,1.8091267978988
55,50,50,5,10,0.996773633531926,0.0588981984945907,0.00250302552568668,0.888558439668746,96.3,0.994312625318767,1.37709274439267,0.308939236022806,1.84633360122579
55,50,50,7,10,0.996065213228198,0.0693031187570026,0.00345840600442805,0.8929926178647,90.1,0.994160176920799,1.30242316054455,0.319415718103537,1.87672521756022
55,50,50,10,10,0.994851343716719,0.0776034289398365,0.00542569244241923,1.10389790130291,80.6,0.993876327368561,1.14716257928693,0.339049561804681,1.87327355074671
55,50,50,15,10,0.992751817048428,0.114108384142832,0.0110771317766604,1.05989452833259,68.1,0.993233589650467,0.962803548169958,0.372219493255251,1.85064423212661
55,50,50,20,10,0.9908409266465,0.140711006635889,0.0189371729170231,1.29186645818203,58.2,0.992696691155657,0.762361948502846,0.380651721064013,1.82047170643504
55,50,50,30,10,0.988067183646261,0.382263281462112,0.105000334632591,1.89311891693852,45.45,0.991888252088083,0.481843956599646,0.44200753949619,1.66003960475415
55,50,50,50,10,0.986928436961516,0.35108914203242,0.447487498169874,2.36007365180039,31.35,0.991102608041957,0.226340491851463,0.460284280934502,1.30618231468858
55,50,50,70,10,0.988195959357344,0.225430368535401,0.837615715880674,1.71955479582973,25.4,0.99070537037144,0.143190974589231,0.50182923048054,1.04960356630153
55,50,50,100,10,0.987645872803039,0.125986067874299,0.107267901899236,0.889496980047267,20.75,0.990478320052014,0.103217430052036,0.483289762968182,0.88519725504286
56,40,40,0,1,0.990990875475442,0.135623073165641,0,0,42.35,0.99471151066685,0.0977596108741067,0,0
56,40,40,1,10,0.998880632563908,0.0488995861703746,0.00310107462352803,1.71633899133171,124.25,0.996341325808585,1.14559083147702,0.15341867094648,1.231774488652
56,40,40,2,10,0.998797381456585,0.0407277265388151,0.00191097438890646,1.68552151114225,119.1,0.996469790215573,1.04990044792511,0.152002465394878,1.27526067580555
56,40,40,3,10,0.998687332736429,0.0420620987073034,0.00227393431502271,1.39014900053147,115.65,0.996537049415041,0.964573027959518,0.152029405756005,1.29454633134865
56,40,40,5,10,0.998301976191369,0.0450463774075797,0.00188827705338091,1.38719169822898,108.2,0.99655136480518,0.837502648174427,0.146717730213883,1.31453925072002
56,40,40,7,10,0.99782651962985,0.0518126883269702,0.00224491774611762,1.34658627909088,101.55,0.996532771421653,0.720334973669983,0.141502359959874,1.24615457782753
56,40,40,10,10,0.997026412640395,0.0644237402850897,0.00224507775888394,0.683653554999879,92.7,0.996366347928779,0.598923580993442,0.131903707915624,1.14201638641533
56,40,40,15,10,0.995795213454697,0.0813753660720771,0.00210827387740183,0.520242403541665,82.15,0.996008238374974,0.451458218345281,0.126263185597111,1.05578763335849
56,40,40,20,10,0.994750415818192,0.111997092483342,0.00342847743318387,0.579041870562622,74.05,0.995692968158439,0.367791285928341,0.111774955264794,0.964324146889444
56,40,40,30,10,0.993381582686978,0.114303575756947,0.00454473214807838,0.610641209308715,62.9,0.995324983097971,0.238731466901326,0.0940741131522101,0.85454821686469
56,40,40,50,10,0.991889999564989,0.188520612353743,0.00712933176371001,0.388038417979157,52.4,0.994931009419596,0.160313157499095,0.0614290020218319,0.635400992576956
56,40,40,70,10,0.991440324993002,0.198098887450311,0.0073552769275109,0.433535260717058,48.3,0.994827661219435,0.13553298998072,0.0375895564572723,0.569417307575129
56,40,40,100,10,0.991084330188716,0.237910776010373,0.00759549666644939,0.496108363482481,45.1,0.99468796826333,0.133922555799356,0.0244467710194398,0.48914068299001
60,50,50,0,1,0.984452728778598,0.113740031615003,0,0,25.3,0.989336036763876,0.0790736239278736,0,0
60,50,50,1,10,0.997738216851569,0.0358582135864501,0.00109491814972427,0.568959582642286,118.95,0.993812926114003,1.65353061967156,0.222224759688322,1.43936889775418
60,50,50,2,10,0.99762615077975,0.0334103377053161,0.000707815136876459,0.433764738993151,113.6,0.994088961898175,1.43599169799504,0.213753516466144,1.54567827155903
60,50,50,3,10,0.997430199168474,0.0360884243442749,0.000759379693409656,0.422232432966576,109.95,0.994046971578164,1.37040695966407,0.226215724868367,1.63893920356956
60,50,50,5,10,0.996848586265465,0.0356537834852771,0.00104135973103067,0.487360247476523,102.8,0.994021805422022,1.24655818767981,0.225528802405272,1.713500792382
60,50,50,7,10,0.996110713355269,0.0436420469990839,0.0012482188713455,0.613386832464857,96.6,0.993788919613815,1.15522849859201,0.232015745429228,1.73684954831745
60,50,50,10,10,0.994856652381822,0.0518481561750073,0.00171230048894832,0.510453830243632,86.9,0.993488989845937,0.997301640059111,0.233781811132725,1.73520302229139
60,50,50,15,10,0.992719514022403,0.0505275553356959,0.00205411060100684,0.549460572301514,75.8,0.992768786035369,0.810820310891399,0.222723784728567,1.69588452589233
60,50,50,20,10,0.990779561164044,0.0757285189197686,0.00403933654704111,0.663207828067667,67.2,0.992153526886052,0.657568598643149,0.217115395651031,1.60961374572975
60,50,50,30,10,0.987750050036988,0.0921674426901902,0.00768923975918869,0.746500681432019,53.9,0.991190264603349,0.402290764363584,0.211036390318833,1.39375138184005
60,50,50,50,10,0.984433293598414,0.13901425246754,0.0205709347894555,0.908847207740206,40,0.990238383181046,0.179883207371318,0.174954980280478,1.11425413898898
60,50,50,70,10,0.983038692893373,0.156979003433822,0.0310265771841773,1.05571415762102,33.9,0.989769002071264,0.109791602693232,0.151447338046256,0.96450376728828
60,50,50,100,10,0.982145676275414,0.16470602211621,0.0336342788322716,0.867916453694322,29.75,0.989647877962482,0.0706774694777767,0.121087599443979,0.736594569186337
60,60,60,1,10,NaN,NaN,NaN,NaN,106.55,NaN,NaN,NaN,NaN
60,60,60,2,10,NaN,NaN,NaN,NaN,102.1,NaN,NaN,NaN,NaN
60,60,60,3,10,NaN,NaN,NaN,NaN,98.2,NaN,NaN,NaN,NaN
60,60,60,5,10,0.994875183360722,0.0843882933623035,0.00509285021129495,1.14259507974449,90.5,0.990420408796657,1.78520367055832,0.40943954502309,2.02089542509107
60,60,60,7,10,0.993893628158902,0.109581398748178,0.00662816092510882,1.21543315637015,84,0.990151572642073,1.69045782148662,0.428236427645377,2.02088600878732
60,60,60,10,1,0.981865941878328,0.33090837623532,0,0,10.8,0.980799903430611,0.405280947147317,0,0
60,60,60,10,10,0.992140892151405,0.13050631274349,0.0061461039000183,0.851779998807951,75,0.98952016180158,1.58103283760352,0.472155340567361,1.98027320543831
60,60,60,15,10,0.989050161192217,0.399812905223481,0.0391671464857264,1.44565617517829,62.65,0.988439496028576,1.41581754736262,0.535831093576773,1.91796118634725
60,60,60,20,10,0.98674924839167,0.885823033292547,0.175165654058502,2.20593056595542,53.8,0.987313530938723,1.29253849239188,0.642146676927216,1.69959517061686
60,60,60,30,10,0.984282438614626,0.865487385575381,0.531127427199947,2.68054521019806,40.4,0.985769076599656,1.00338455697481,0.733385404064034,1.53183984117074
60,60,60,50,10,0.979922462403905,2.20956447181641,1.14695773270731,2.10244363686141,25.55,0.983770378760236,0.628252173109586,0.931299224817324,1.36614617281805
60,60,60,70,10,0.977422025608944,2.58845069194127,1.38569348197791,1.8912457542934,18.5,0.982563710855261,0.594401030323102,1.06334290760063,1.28603151714775
60,60,60,100,10,0.980121406797634,0.714360905454747,0.135523221019073,0.426389502325113,14.95,0.981016944582309,0.710910427225811,0.613342869623895,0.959177552318967
65,50,50,0,1,0.980670466442486,0.342765915439149,0,0,33.3333333333333,0.988394672125204,0.113860653715677,0,0
65,50,50,1,10,0.99780042608881,0.0452691432871763,0.00089904587468073,0.35829165200094,122.15,0.993365798587335,1.51670416073766,0.193076149314649,1.3308354974145
65,50,50,2,10,0.997669597111871,0.047248049606697,0.000950736438174169,0.449526184625406,116.7,0.993742063798006,1.31178007710356,0.176907113954957,1.39675381316214
65,50,50,3,10,0.997450708703745,0.0460864688694352,0.000781486809426032,0.308193988670608,113.35,0.993664204231198,1.24612327791043,0.18269949370081,1.48379819780744
65,50,50,5,10,0.996838106763416,0.0532364681839567,0.00109177507151282,0.417731983760989,106.9,0.993627662756722,1.14830111831973,0.179771062694922,1.52908037678658
65,50,50,7,10,0.996068744629913,0.0509152256595057,0.00101954636455411,0.454447932590306,100.35,0.993448989638563,1.00769975103125,0.17619725796878,1.55959849598562
65,50,50,10,10,0.994766993346823,0.0756165858736158,0.00132317697848825,0.327593430936507,92.15,0.993035344942485,0.891430361069764,0.16719031061253,1.5124246425628
65,50,50,15,10,0.992590298816522,0.0778749005568779,0.00132533944338084,0.391502541484773,82.45,0.992216200656458,0.721978250210285,0.160311055604127,1.49321951912112
65,50,50,20,10,0.990594653775809,0.0925028922162955,0.00113122421858108,0.462922548604422,73.5,0.991539383888134,0.605021952568207,0.163180302919762,1.42103457948988
65,50,50,30,10,0.987509896548211,0.136705894036198,0.00258735157380743,0.46252831696579,61.2,0.990501649211005,0.386766103774286,0.140426473721709,1.22774481173086
65,50,50,50,10,0.984108949508527,0.205432170356299,0.00475667918225278,0.474451904026314,48.35,0.989481181740124,0.20695906593038,0.112702290003059,0.936697818090897
65,50,50,70,10,0.982527389690835,0.239658437721323,0.00447512941334766,0.389737080795975,42.05,0.988997993869836,0.138742325282911,0.0790642389151012,0.758144630516384
65,50,50,100,10,0.981567757628049,0.286035150994129,0.00474595499874866,0.468481683930016,37.75,0.988714825136835,0.111222849460539,0.0390186064322543,0.63189198231285
66,60,60,0,1,0.973168363157247,1.64233807207747,0,0,16.6,0.97115615785721,2.688910134429,0,0
66,60,60,1,10,0.996158909608199,0.0661726178337573,0.00231992969075761,0.912812697842413,112.05,0.990477954368249,1.86882225441035,0.261477416529755,1.69347937839403
66,60,60,2,10,0.996014559025826,0.0547408151155987,0.00172273112344296,0.702538687454116,107.35,0.990768778244398,1.7282398869256,0.261646215716918,1.80242399587599
66,60,60,3,10,0.995739550184706,0.053768557429011,0.00166016999411977,0.616391926617254,103.65,0.990569515085609,1.69070541943351,0.282633474298771,1.8649149962733
66,60,60,5,10,0.994942218960892,0.0534551577226707,0.00179608391705065,0.85925220691719,97.45,0.99041458124492,1.62973098281947,0.284383988744426,1.92707020718417
66,60,60,7,10,0.993909429806172,0.0632933827021509,0.00220582809379179,0.749258079315635,91.3,0.989991074750045,1.56462713914501,0.299004005173509,1.91989428987078
66,60,60,10,10,0.992085423919503,0.0802760950173717,0.00345228238826023,0.871577512419146,82.2,0.989373892958845,1.46134145318044,0.307169849577328,1.90471601577595
66,60,60,15,10,0.988825661935712,0.106148483941245,0.0046791596989564,1.22679389915818,72.05,0.987711140822875,1.46950163019633,0.333454428959923,1.86865936025493
66,60,60,20,10,0.985703868777665,0.161904939938715,0.00823946708452392,1.0592573208843,63.6,0.986251676065377,1.45297225823366,0.361527144416242,1.81418555017322
66,60,60,30,10,0.980316365919556,0.473985930223789,0.0170008363014572,1.59246974651005,50.1,0.981876482333115,2.07593915468742,0.376864881440611,1.7058379083666
66,60,60,50,10,0.970944620650783,2.38660188277799,0.0778906675348504,0.986689765469543,35.35,0.967261985949967,6.08952172683302,0.318640182612897,1.01773501808364
66,60,60,70,10,0.953184663488259,9.53664543315074,0.187295376901989,1.08879388457796,27.45,0.960400922148269,7.55038008019923,0.269780497549111,1.11045203142302
66,60,60,100,10,0.923322588836295,16.1728589151719,0.226708384568383,1.08189792628193,22.15,0.955136057848159,8.32223840636919,0.208820205018402,0.993149311360969
70,50,50,0,1,0.981633320269931,0.117538084188927,0,0,41.4,0.987005716970374,0.429151243855943,0,0
70,50,50,1,10,0.997961758475746,0.0405670147375086,0.000564726264993301,0.350745767297856,124.15,0.993161790864242,1.37358561818061,0.157212246510447,1.13988954910265
70,50,50,2,10,0.997825758521015,0.0416193224145811,0.000560034714457503,0.322612335544964,119.65,0.99340506285072,1.214281794011,0.155762695576364,1.23827669299093
70,50,50,3,10,0.997616576775409,0.0459835706930499,0.000689861972887144,0.34394602016227,116.25,0.993379575112726,1.12879199593727,0.152502964523114,1.32050105110792
70,50,50,5,10,0.997026150920485,0.0547754786543856,0.000813290368934143,0.36962440285328,110.9,0.99333671849035,1.03706737856713,0.15174172291919,1.33825643131775
70,50,50,7,10,0.996283387629072,0.0536758915101593,0.000643335632344218,0.322531515366921,103.6,0.993203152188229,0.881330483288353,0.142085503898362,1.2980361279106
70,50,50,10,10,0.995030436225643,0.0599270591034558,0.000753225679901671,0.411510601808965,97.1,0.992757529043944,0.802796023227621,0.141190304481962,1.27629835064765
70,50,50,15,10,0.992928626052532,0.0724416532257026,0.000804127909346403,0.28315494532931,86.55,0.99197190788645,0.65084786540827,0.129398950488433,1.2007097232821
70,50,50,20,10,0.991033475258699,0.0837439000460121,0.00106512716962415,0.362322111750515,78.65,0.991192251567513,0.548390934813008,0.116457642083835,1.13375128211457
70,50,50,30,10,0.988056364036147,0.108089769972353,0.00173072169496065,0.422424966721799,67.45,0.990052099024097,0.389427002763999,0.106985858421592,1.03244141872163
70,50,50,50,10,0.984735880409575,0.156753575967177,0.00203430844890259,0.405505390721865,55.15,0.988842630950877,0.236432191621332,0.0779442153892381,0.749750095885308
70,50,50,70,10,0.983279836044569,0.176238855799868,0.00306398517146767,0.488864919178483,49.45,0.98821353624134,0.230601216116169,0.0473652675067866,0.582819991340761
70,50,50,100,10,0.982265371443313,0.221434757183984,0.00252476244122197,0.384757918665641,45.75,0.98762360207525,0.291496025658642,0.0263096611989656,0.503946307376279
70,70,70,1,10,0.990414949318912,1.88916259458911,0.000833449163162169,1.49720178659026,101.25,0.985999083727988,2.19375917724654,0.321789621749898,1.80931364525939
70,70,70,2,10,0.989149131906142,2.1818020301411,0.000851874174822273,1.43095722384358,97.75,0.985755982717029,2.12330198266734,0.344294880332172,1.95482917761835
70,70,70,3,10,0.987717077260966,2.43648868054074,0.000845409795731658,1.48266323501051,94.45,0.985393000008129,2.1356217932997,0.361753423869234,1.97365984692164
70,70,70,5,10,0.98437045590044,2.90291795065848,0.00122710312498241,1.55593715756684,87.75,0.98505673686834,2.14395542891987,0.36853957295475,2.0301649119885
70,70,70,7,10,0.980695251712687,3.29848082648249,0.00121006832000298,1.45177778529187,83.45,0.982516600497926,2.43990783242927,0.405857908897346,1.9615436458114
70,70,70,10,1,0.875825189654156,10.0196689271151,0,0,4.3,0.875544548341141,10.1629684653482,0,0
70,70,70,10,10,0.974774333380524,3.80629418445531,0.000884373798407204,1.57753244096532,75.5,0.977465849896669,3.40623998644015,0.398156393729767,1.86628294761202
70,70,70,15,10,0.964854038046224,4.57889326154115,0.00216531879947797,1.54123957021371,66.7,0.958361248154868,6.79696349883849,0.405071432115574,1.72876074939798
70,70,70,20,10,0.948445859898915,8.07144344086055,0.00174952100640339,1.72374851857238,58.6,0.93060591058938,10.7692673741937,0.373566365122507,1.6255042588821
70,70,70,30,10,0.874031629878553,21.2783596716513,0.00202619920265678,1.46608152902726,46.25,0.874251045849174,16.8561175231456,0.345136514216686,1.26015640236113
70,70,70,50,10,0.805353935850729,25.5660084029327,0.0974333991791185,1.07782737155474,27.6,0.783473065632672,26.1714560422474,0.350602642153312,1.12928764481881
70,70,70,70,10,0.766466991364596,26.7054863184341,0.170570406583885,0.724800520688763,15.21,0.725598628080242,30.8058766421567,0.282312810459196,0.76692848491907
70,70,70,100,10,0.73866822697536,27.3237290361124,0.236733727484496,0.506978017277534,9.44,0.676855514792882,33.1214210862702,0.354690873372776,0.604269842638539
72,60,60,0,1,0.917162054028889,16.9356962256245,0,0,23,0.935387763850393,11.7397140672526,0,0
72,60,60,1,10,0.99643738960044,0.0501822914739795,0.00144816361803518,1.01928042286942,116.1,0.990009880683746,1.71135686132713,0.216712150413637,1.60843644797305
72,60,60,2,10,0.99627583244508,0.0405971692356028,0.00102419224729971,0.77081352613153,112.35,0.990135899878565,1.61762575417276,0.21072619529139,1.73349043841902
72,60,60,3,10,0.996009499733169,0.0405567713172165,0.00127325187263902,1.02714258788229,108.55,0.990248125054835,1.53635767053183,0.208272705875131,1.81151383001365
72,60,60,5,10,0.99522752114308,0.0389563721380826,0.00120392551228682,1.04887119466092,103.4,0.989715828445259,1.56482281467499,0.221996740159349,1.84931424722573
72,60,60,7,10,0.994214905076337,0.0537210201814242,0.00158637810769426,1.13367718029221,96.8,0.989360096775664,1.460829756454,0.219099493172759,1.83742866787706
72,60,60,10,10,0.992453441622497,0.0542965525414561,0.001565961955093,1.12075441200338,90.15,0.988360789238213,1.49163281347528,0.233859673400966,1.83904279921173
72,60,60,15,10,0.989318157166894,0.0778750056732749,0.00227608952699021,1.35706876987428,79.7,0.986401625169468,1.56609278661859,0.221174122139773,1.7722821351211
72,60,60,20,10,0.986283090588656,0.102510562885269,0.00215566658952446,0.904474978757921,70.85,0.984103265595587,1.74063680040359,0.209998833078084,1.6841984344364
72,60,60,30,10,0.981197152743229,0.217412981436673,0.00436003697417455,1.26399344905985,58.15,0.97898301390092,2.56044333548951,0.178621357339669,1.39939326043107
72,60,60,50,10,0.974329676099365,0.829955243594852,0.00847790190100903,1.21003388535896,42.85,0.967480906858374,5.22847430105888,0.123559193820589,1.00819470009596
72,60,60,70,10,0.968615008573805,2.22254187569818,0.0156505128278369,1.32341040462059,34.8,0.957757123642103,7.5753150199261,0.115135803102775,1.14888641591882
72,60,60,100,10,0.952140463372613,9.08375960529998,0.0223347274344108,1.23610624224333,29.6,0.949187018360953,9.11598517081519,0.0720666791064534,1.12515315455267
77,70,70,0,1,0.782995016890422,20.4200152195723,0,0,6.63,0.643001367836875,35.2430263215496,0,0
77,70,70,1,10,0.992110649850064,1.49451132909708,0.000706443887275083,1.25002363554191,106.8,0.985913049883624,2.14028148695536,0.228101244808234,1.64249996366344
77,70,70,2,10,0.99103904552103,1.7958519991379,0.000637129680739369,1.23569073275347,104.15,0.985305160376609,2.15398709178059,0.242140345404783,1.81446805548189
77,70,70,3,10,0.989986026918462,2.00536056879371,0.000431911412387,1.33794559526285,101.35,0.984521748552201,2.22042178210872,0.258191442646692,1.87914459624154
77,70,70,5,10,0.987467329786926,2.38346882165021,0.000611191297650136,1.42681838422494,96.35,0.982765834099757,2.50138858288946,0.256050978049784,1.86564764147082
77,70,70,7,10,0.984502050220614,2.73556233028038,0.000807024763311794,1.41606126722539,90.55,0.980312598276322,2.81497505800937,0.252592035517538,1.83319890239831
77,70,70,10,10,0.979506188312889,3.21894225925338,0.000937900971156823,1.10527970185712,84.4,0.97448964863685,3.8340364580232,0.241467701847145,1.75065197281321
77,70,70,15,10,0.970862302508506,3.89107156011745,0.00154637133369293,1.16845799716778,75.3,0.950515287664237,7.38008358614677,0.25220195979105,1.47201203724866
77,70,70,20,10,0.962394826126536,4.6453901550702,0.00147232321061619,0.920116742852212,65.95,0.929139045693775,10.4487554123332,0.250188895070029,1.1560600647531
77,70,70,30,10,0.910743057289214,16.97234023748,0.00142811818456914,0.588742900930071,51.85,0.883237660337605,15.5267762442222,0.266412500973534,0.830059364009104
77,70,70,50,10,0.826478146488805,25.2153132403886,0.0022224708859731,1.00639231619875,32.7,0.806633897243116,23.8313391801668,0.260340638559895,1.02773005800957
77,70,70,70,10,0.769256480149178,28.8627459152172,0.00238064334144926,0.772210005647475,18.76,0.746329686133201,29.264047468608,0.168902800253516,0.806869577423475
77,70,70,100,10,0.728849226403485,31.1593016091988,0.00884561549502769,1.11202901449019,11.41,0.70313754526454,32.5383921134574,0.0872476083128722,1.12919085398558
78,60,60,0,1,0.946429645032287,9.355849579001,0,0,30.35,0.934565863013281,10.968552014172,0,0
78,60,60,1,10,0.996619563086241,0.0409285459608812,0.000862255109504228,0.684733433139606,119.2,0.989544251404127,1.59142042771693,0.177026453270289,1.33815031363115
78,60,60,2,10,0.996453840269848,0.0396521585457136,0.000672910789404391,0.487762325851464,115.5,0.98981948062562,1.45392028516995,0.175652751428362,1.43771183453178
78,60,60,3,10,0.996174749405978,0.0450028410193966,0.000741720187535359,0.501164315070714,112.75,0.989599765214273,1.44391848077051,0.177450152960177,1.50951486480766
78,60,60,5,10,0.995398568511786,0.0413355418244762,0.000714126177482973,0.492263981943667,107.6,0.988988248037839,1.46072132742172,0.18041780402918,1.58537975336409
78,60,60,7,10,0.994402846498011,0.046599398747639,0.000800268088860651,0.510269590126156,101.8,0.988470139524126,1.419772651485,0.174744454238988,1.55982698735593
78,60,60,10,10,0.992669431695306,0.05614144102877,0.000830529928265053,0.459753448569907,95.25,0.987161257479992,1.50944820668056,0.162151238385886,1.52319516327999
78,60,60,15,10,0.989622293736075,0.0718430383068658,0.00103579027825079,0.47626623999647,85.35,0.984592021647726,1.65931497593021,0.15841139290008,1.43870329337072
78,60,60,20,10,0.986664647870325,0.0925626303979027,0.00108385694483296,0.619572352545118,76.6,0.982672750678264,1.77072117210633,0.136611781204842,1.26410296082073
78,60,60,30,10,0.981744652041991,0.154846817644127,0.00195132844525582,0.690064333130446,64.3,0.977867743819578,2.51101520019198,0.111465374123999,0.96075318709288
78,60,60,50,10,0.975368178122881,0.407784639834507,0.00300460933219323,0.966719626021544,49.35,0.967605958008747,4.55428151792528,0.0731956215170893,0.824813245971026
78,60,60,70,10,0.971833398839707,0.847984182625291,0.00526827450766111,1.0759337449953,42.4,0.958470533884327,6.46227904508599,0.0640812530440222,0.845407906142567
78,60,60,100,10,0.968107395730385,2.07951651699142,0.00684003879809544,0.977381657111328,37,0.948957404764555,8.4463191856649,0.0474034340871754,0.828870405850548
80,40,40,1,10,0.999132649668746,0.0430462816142984,0.00152846543165392,0.968976013422375,NaN,NaN,NaN,NaN,NaN
80,40,40,20,10,0.995502746334354,0.0563502119260599,0.00138075784983804,1.5160877136857,99.5,0.993808702567615,0.330345989512682,0.0614699373841557,1.24604480173668
80,50,50,1,10,0.998114671764566,0.0353375578436338,0.000419873560469799,0.451775612990837,126.8,0.992514786196558,1.15094173927685,0.125613990927929,0.949669142608057
80,50,50,10,10,0.995333273439192,0.0537392505777843,0.000685074331214047,0.432913088409379,103.85,0.992010768107604,0.682908585958752,0.105839733412002,1.01146863401852
80,50,50,20,10,0.991544734589453,0.069338377938076,0.000838484629224427,0.497732819523588,88.25,0.989998812330426,0.558509255702282,0.0887827643285151,0.96540193719113
80,50,50,50,10,0.985598433199709,0.133835594321181,0.00140666782705236,0.566889176902858,67.45,0.986070739776897,0.655136585529268,0.0476495627299727,0.826208633488602
80,50,50,100,10,0.983281753933972,0.172999143974872,0.00173671396897998,0.646625712377049,59.1,0.98494633250091,0.639198237230527,0.0226685029942604,0.662776762156419
80,80,80,1,10,0.975629859000824,3.51078540522731,0.000753952824634044,1.36415715504449,98.4,0.96966222078012,4.1624675980822,0.249437684008753,1.60766291920277
80,80,80,2,10,0.973964883260741,3.67422138161334,0.000652623654882934,1.3664802151373,95.85,0.966158501374247,4.65738102466774,0.236958913545106,1.76839430909251
80,80,80,3,10,0.972107472347714,3.84020658236539,0.000726838856645795,1.28871881556167,93.95,0.960541670509348,5.2854372362026,0.239608248182547,1.83987710917854
80,80,80,5,10,0.968029477625779,4.1713076891475,0.000636476328765613,1.35277513181493,89.1,0.946736190315019,7.0400040689495,0.254841354162385,1.9968684950219
80,80,80,7,10,0.963225928539977,4.76257911907177,0.000788134182246583,1.43265169520066,84.55,0.926051861286793,9.56097020830795,0.271349547590336,2.02378603558311
80,80,80,10,1,0.479760948769858,35.2898445955257,0,0,0.55,0.474959711199741,34.8288903378209,0,0
80,80,80,10,10,0.950354255934924,6.80331110081491,0.000825138557461377,2.12823900134289,78,0.898503922415443,12.1460879522823,0.287848830697788,2.09311069339256
80,80,80,15,10,0.903404670478998,15.6976245276273,0.00101668096752733,1.44495541751184,68.05,0.853272335666573,15.8377027221644,0.308616579808049,1.27347888285785
80,80,80,20,10,0.853026244756795,20.3015517836974,0.00110029844538292,1.12112328953789,58.05,0.809611995079908,19.3383779077979,0.302194680504367,1.16385519488232
80,80,80,30,10,0.77176957547256,25.3595394364177,0.00124195016618079,0.628926449790511,42.85,0.717531936201253,25.7455694995289,0.31458688328567,0.765468392233649
80,80,80,50,10,0.664002121039979,30.1251760138687,0.00198163210724441,0.768649797648154,23.45,0.589358851780453,32.6722211056651,0.267080510285701,0.902316779491348
80,80,80,70,10,0.582531169612736,32.7683033110359,0.0377936649788162,0.708505299118413,15.72,0.513902037143554,34.6957282888879,0.280649775552456,0.814963377857061
80,80,80,100,10,0.520349097553086,34.504923026613,0.039204872540495,0.721034557089407,9,0.462268117267335,35.7888975327792,0.135129075432679,0.764614561717069
84,60,60,0,1,0.954648692916369,5.29449325377493,0,0,37.4,0.934643849913609,9.95081945466404,0,0
84,60,60,1,10,0.996774073956602,0.0439862991736071,0.0009578532248249,0.706697195658251,121.25,0.988949928880384,1.49049251302543,0.153268957265502,1.19092182108251
84,60,60,2,10,0.996595675427126,0.0436308147431142,0.00105064127662945,0.704092635897093,118.25,0.989078157506036,1.40968890368564,0.149866967101046,1.31332050089016
84,60,60,3,10,0.996341709448427,0.0406143354803006,0.000804926804373362,0.673028989076576,115.4,0.988610532561396,1.43632518851417,0.150371421876716,1.37647162982098
84,60,60,5,10,0.995564616597538,0.0449487750599088,0.00095235429577111,0.651461367095698,110.15,0.987820105256671,1.47976050568635,0.150260403999917,1.36379794035664
84,60,60,7,10,0.994589323444102,0.0416161884373706,0.0009505551578712,0.830499973446521,105.05,0.987056715379683,1.50121479407522,0.140669452430241,1.35530587688254
84,60,60,10,10,0.992903924095499,0.049497269192857,0.00100422578775932,0.734301523747132,98.65,0.985721595001553,1.55202869970472,0.136235082658725,1.34212887628685
84,60,60,15,10,0.989928964234653,0.0649262340167124,0.000916664300358398,0.847691366673089,89,0.9833656195197,1.69482411573114,0.123564529433511,1.17894065535191
84,60,60,20,10,0.98708922055524,0.084738713367682,0.00155534507904272,0.742992822429177,81.45,0.981251403692708,1.82507670132713,0.106613937634436,1.07783040674617
84,60,60,30,10,0.98228186236939,0.154582398704391,0.00176597428978697,0.581613153818004,69.4,0.976174623212562,2.46013692178741,0.0842159570469909,0.872102186476519
84,60,60,50,10,0.976095841893463,0.474883499766229,0.00317946695369304,0.825793306148764,55.7,0.967184307291713,3.93439039213241,0.0646281787416462,0.871256760016717
84,60,60,70,10,0.972625011135093,0.833237386862886,0.003447267176663,0.821384353911306,48.6,0.959370378360145,5.53684383066634,0.047028618562912,0.850361284392495
84,60,60,100,10,0.969158210149913,1.7320711336098,0.00382719808989815,1.0526768646359,43.85,0.948972727082927,7.65029370592924,0.0335966974543932,0.828343835741148
84,70,70,0,1,0.708967110381664,31.948409216712,0,0,8.6,0.688635802834301,32.9930713156425,0,0
84,70,70,1,10,0.993978390365354,0.730765334161603,0.00113190569615803,0.981308532622312,111.6,0.983703624252679,2.21498870292631,0.18871975525356,1.40069781598632
84,70,70,2,10,0.992979496616074,1.11947829238785,0.00101364504677983,1.110897920252,109.3,0.982702960297948,2.30511851122255,0.190591768045506,1.53280922334831
84,70,70,3,10,0.992074762122088,1.34410300404135,0.000814809018739002,1.10674560712293,106.3,0.981783285230071,2.38635654568834,0.197357400134452,1.61373962351887
84,70,70,5,10,0.989833487410206,1.77947540491583,0.000619181773845485,1.21717769932265,101.3,0.979565855311453,2.69928581632813,0.193068606692248,1.64117702187633
84,70,70,7,10,0.987313117449336,2.1269389399875,0.000789471383613792,1.18015150264743,96.35,0.97688995949326,3.06410795935345,0.190619040715533,1.57255127210783
84,70,70,10,10,0.982860715426718,2.63157889077363,0.000588135115577856,1.60521613046687,89.7,0.971999429967911,3.81013565375167,0.172451770921993,1.43452100360694
84,70,70,15,10,0.975079711884252,3.28053012729733,0.000783579088308171,1.46503048435649,78.65,0.958709317825125,5.99297090938776,0.159636811471438,1.17632528516346
84,70,70,20,10,0.967510069046854,3.81332696885086,0.00111780103366252,1.12634994330843,69.7,0.936873772062448,9.15452326201935,0.176487056444826,1.01642191150852
84,70,70,30,10,0.94306881392966,10.2100444994863,0.00136325291282472,1.16731133245824,56.45,0.889841914004775,14.13129090386,0.230845223323579,1.12097716680393
84,70,70,50,10,0.862667579416736,21.997339504973,0.00157233804553933,0.9503612489319,37.05,0.839180715015455,20.6892412700684,0.160082892869476,0.929660943811324
84,70,70,70,10,0.809294548855001,25.9842862547648,0.00273672094050555,0.978800869363122,24.75,0.794633105804482,25.1486532192874,0.126550178348733,0.991840088050559
84,70,70,100,10,0.765992916489694,28.7136605602741,0.00266494942385162,0.999424523307911,16.1,0.733335763823383,29.7449056239175,0.124892776709667,1.00357041287552
88,80,80,0,1,0.476358324123554,34.8591686535633,0,0,1.57,0.467289702222007,35.1301412263381,0,0
88,80,80,10,10,0.960592046143709,5.19159940919591,0.000550777083864937,1.78144256050258,83.1,0.900700733582427,11.5013574341181,0.247118303241006,1.86167338608237
90,50,50,1,10,0.998283593873649,0.0279086802465442,0.000566483214513667,0.609749015422005,129.6,0.991724510013469,1.02484786286895,0.109068194781877,0.792115728453146
90,50,50,10,10,0.995678820257164,0.029730052984273,0.000551009597406778,0.631650151659386,108.8,0.990659061950847,0.728068250348604,0.0868371240301196,0.817525970399483
90,50,50,50,10,0.986683228880957,0.0884091220294125,0.000984387262607986,0.615836631990024,78.15,0.983536092642238,0.779590176188929,0.0411222784525312,0.74720392193561
90,50,50,100,10,0.984499127267882,0.113718878777759,0.000991598099630585,0.962585408687923,69.6,0.982262922510673,0.719169753030478,0.0194187751680273,0.726435015402665
90,90,90,10,1,0.347820557939295,33.8512497189588,0,0,2.65,0.346751092744233,33.2668091048573,0,0
90,90,90,10,10,0.897844837199039,14.4901895676386,0.000650777538717081,2.05195362783704,74.95,0.823315445625233,15.8616798432098,0.301204647815873,1.65405181812319
91,70,70,0,1,0.750738584298181,29.5144063882232,0,0,11.69,0.730762649229947,30.3311088591521,0,0
91,70,70,1,10,0.994596513010591,0.607917840195631,0.000926134253250345,0.810113996540862,115.15,0.982094498876003,2.23048053287891,0.157587653511572,1.10170695516155
91,70,70,2,10,0.99422527374586,0.679357474208268,0.00110308664379938,0.699628748449302,111.9,0.981612208340337,2.21222158350375,0.156993603636939,1.22686192909878
91,70,70,3,10,0.99324060079425,1.02772846541684,0.000733136998633747,0.796019697211065,109.25,0.980851009578265,2.28601091451269,0.155345429500227,1.24927429155473
91,70,70,5,10,0.99149741861146,1.37248900683447,0.000667454718422887,0.811196734483101,104.15,0.97906105611787,2.51877566116013,0.146483038463236,1.27366175528029
91,70,70,7,10,0.989477264522735,1.63886938328146,0.000622304196011068,0.873466478249849,99.2,0.976717479456521,2.80382345997545,0.143526872413887,1.17320162386312
91,70,70,10,10,0.985816049196952,2.09330083540867,0.000468198758599065,0.9282012935894,92.35,0.972084038036271,3.39950152202664,0.134152637432752,1.14411995095726
91,70,70,15,10,0.979351193869273,2.6802739253392,0.000477295385482055,0.915742566889004,81.6,0.964364400453847,4.61976345164052,0.120919075880768,0.987125365943836
91,70,70,20,10,0.972669671238536,3.19153055720871,0.000716668345160956,0.903292025365915,73.9,0.949754892355098,7.0019457540642,0.124798698842702,0.887673012521832
91,70,70,30,10,0.960598845504858,4.24037153410145,0.00111127715496566,0.841965850237174,60.75,0.924318851631953,10.7861216105939,0.115420929797736,0.815502296115406
91,70,70,50,10,0.894298349306166,18.5862614025888,0.00100653149166544,0.809587289017826,42.7,0.877870689483049,16.377441772743,0.104780477797592,0.856585955319358
91,70,70,70,10,0.847927829355123,22.8591441499509,0.00164768931532228,0.893821350477417,32.16,0.839145229842926,20.6020942941907,0.0852508230980623,0.869158345722919
91,70,70,100,10,0.804995857450595,25.8940285826271,0.00231311804175288,1.10989608150937,22.38,0.796981667376196,24.7448549687487,0.0394976311896569,1.08988586969828
96,80,80,0,1,0.521986536246437,33.383039784466,0,0,5.28,0.506291989079719,33.8801566623203,0,0
96,80,80,10,10,0.966426591734291,4.07570283374335,0.000389630101883021,1.39461735171137,86.95,0.900461357936782,10.882446193972,0.224121549579833,1.63377849304414
98,70,70,0,1,0.777429246507677,27.5442944629691,0,0,17.43,0.762435113331261,26.991645100291,0,0
98,70,70,1,10,0.995084594133619,0.445743310462756,0.000805643867704595,0.691633042292953,115.95,0.980658179208265,2.26200548721812,0.129196253290464,0.896226989994636
98,70,70,2,10,0.994620921042543,0.611358085438966,0.000692478555306349,0.778017393131032,113.5,0.97990619748738,2.27916949752523,0.129214073593554,0.996018712027761
98,70,70,3,10,0.994227352426378,0.63486727020817,0.000639641981861667,0.910115427177289,110.4,0.979681525231031,2.28633811524956,0.125188591813015,1.02553975430393
98,70,70,5,10,0.992519481284589,1.05099049508439,0.000528109262079945,0.908837813740534,105.7,0.978020914000943,2.4558327197885,0.122471864337472,1.00149282184716
98,70,70,7,10,0.990879048363705,1.25010086893286,0.000382472500465967,0.886035925087534,100.85,0.976119847046904,2.65760686375939,0.118214886499065,0.915397061477613
98,70,70,10,10,0.987743407937821,1.65500173624656,0.000404169893962943,0.902607349652224,94.05,0.974047130591805,2.89884479967207,0.107338764298491,0.850997346689899
98,70,70,15,10,0.982160417679184,2.19831600268627,0.000407580433023935,0.683719045753045,84.6,0.96514871454233,4.14144896275486,0.103093055890669,0.755351278416057
98,70,70,20,10,0.97635448582541,2.6905998975714,0.000501918934543761,0.632056817266738,77.5,0.957708463798657,5.40844701147845,0.0951052667510478,0.701313234597394
98,70,70,30,10,0.965673450936583,3.5209951285972,0.000853334395210925,0.535154066333391,64.75,0.934962725447777,8.91598336979535,0.0907964522451839,0.66175355825596
98,70,70,50,10,0.917422637717236,15.5413063855026,0.000614386778000291,0.451987402347533,48.85,0.900874026142914,13.3856649371163,0.0687005227748287,0.590928807938745
98,70,70,70,10,0.879141724535597,20.0974337487335,0.00106145043684327,0.866577521979523,39.35,0.872415053779772,16.7365367725373,0.078766458140363,0.925839882427064
98,70,70,100,10,0.836090103525923,23.4323831373262,0.00219745063525475,1.10339278007346,29.65,0.830905916352939,21.005952775759,0.0349637808877266,1.05895198622261
99,90,90,10,10,0.918459240904608,12.3549403055687,0.000353845316038213,2.73085653191832,78.55,0.83931282281471,14.8573648583579,0.221108215078273,1.93125611323267
100,50,50,1,10,0.9983782205996,0.0209771013150558,0.000572550955537269,1.45839871322397,131.5,0.990381034287482,0.987756934087832,0.0970637414300032,0.685429341256651
100,50,50,10,10,0.995849121297973,0.0290222879011734,0.000579976492983084,0.912936873775805,113.75,0.988968159726417,0.803784380112247,0.0764357633815695,0.867309236304997
100,50,50,20,10,0.99248841884862,0.03480129405878,0.000598687463177481,1.2220695773369,102.5,0.985829204197462,0.816834587506813,0.0645657976235533,0.958384653869344
100,50,50,50,10,0.987208298532552,0.0671623476359985,0.000963499589265257,0.859009803219637,85.75,0.981592321986161,0.719249998435229,0.0366083659048289,0.990672816126959
100,50,50,100,10,0.985075647827173,0.0853132328494755,0.00110177623631467,0.922113311588192,79,0.980170464802732,0.647547569032876,0.0172765087626317,1.17111204324104
100,100,100,1,10,0.95018498927626,5.3620462477658,0.000376813333250373,1.83956674820694,90.55,0.879478070960641,11.0189977522083,0.23007422920244,2.09184052367817
100,100,100,2,10,0.945293191694724,5.9291671953541,0.000250733392976362,2.03324397332422,88.25,0.864560937815922,11.9636886396757,0.258757893622508,2.21293174921942
100,100,100,3,10,0.938775904589162,7.027779744851,0.000270393031013974,2.45087191382053,86.45,0.851107325799149,12.7870713981439,0.258063118634926,2.24127322239838
100,100,100,5,10,0.915100064127367,11.142527939461,0.000390869428593854,2.85126902057268,81.65,0.815734381183766,14.5568588129193,0.307775147796383,2.00657087679202
100,100,100,7,10,0.886697800274027,13.9218768319183,0.00036280803333478,2.43934659092168,77.3,0.79072511622662,15.9368765412727,0.300445800144533,1.92435874755436
100,100,100,10,1,0.214759834561476,31.0429333178027,0,0,7.45,0.209937963434693,30.6795610927881,0,0
100,100,100,10,2,0.524132527458664,27.4257954105,0.0316044923098042,3.12988811088522,23.5,0.429377741456311,28.3998832590114,0.589839641774598,2.5658056495788
100,100,100,10,3,0.674259681377513,23.7658243140245,0.00100722195195206,1.61762719757441,31.5,0.591400463249859,25.4539663173285,0.454808422513281,1.60409134285917
100,100,100,10,4,0.733019462348301,21.7503052757415,0.000733589180208053,2.94139438360087,50,0.590142766943324,23.9817267984389,0.390781992990023,2.58419906855161
100,100,100,10,5,0.771363434973539,20.194067591373,0.000526794641180797,2.23001839389954,57.55,0.671618978614844,21.554576663952,0.412432310885657,1.97180139463172
100,100,100,10,6,0.795102091261193,19.1714599748784,0.000533959098442019,2.91445863322867,63.5,0.699713849039111,20.2959538820163,0.324917630455467,2.56055954520264
100,100,100,10,7,0.813711284990343,18.2843881864717,0.00043270855150133,2.41318104286642,66.6,0.716913046040187,19.4429909780874,0.352336700253534,2.06166348795149
100,100,100,10,8,0.82731657944591,17.6190220532365,0.000482026847995567,2.33305508437867,69.35,0.733093345445029,18.7813624502977,0.310452159192281,2.01957909709569
100,100,100,10,9,0.838293182124883,17.0535756125399,0.000460042027482942,2.01394771850929,70.45,0.739707486809492,18.3289939012455,0.323380415000182,1.73341298865622
100,100,100,10,10,0.846855766495746,16.6085950705094,0.000438415174126977,1.88448142264994,71.3,0.752090578918023,17.8394152428862,0.287106267914448,1.61291318504039
100,100,100,10,11,0.854040913568936,16.2253996511993,0.000406706607036229,1.75572937090425,72.45,0.754160412746189,17.6028830380364,0.297513385528792,1.51183652550141
100,100,100,10,20,0.88692446215269,14.41374900414,0.00029918644718435,0.877990084676636,74.15,0.808072868661549,15.533771971781,0.135537660472783,0.807419823402674
100,100,100,10,21,0.888882662900943,14.3029868447799,0.000286337445790044,0.845104344072457,74.45,0.807901784426747,15.4669791822081,0.1413310566194,0.755809950159524
100,100,100,10,29,0.899668510841468,13.6918525891567,0.000273377402784599,0.58804810930926,73.8,0.824683781753778,14.7147965025327,0.114389082565623,0.570014357122091
100,100,100,15,10,0.787008302981661,19.6020083969962,0.000450761464030498,1.15540928391304,59.45,0.677233047299286,21.254413570184,0.281993524115903,1.12958000089858
100,100,100,20,10,0.733977292934237,21.7030504262314,0.000484572085451092,0.548561786511175,49,0.598428575885968,24.1318332011077,0.289900120794492,0.687479608524224
100,100,100,30,10,0.644730890152755,24.5568052797396,0.000808422263428243,0.402015119426525,36.65,0.38341725452165,28.3563989886652,0.434549001707322,0.610533692406206
100,100,100,40,10,0.561119166713898,26.5681375725664,0.0209307211709689,0.409832439518821,31.65,0.331716554153428,29.2288690643315,0.364541619825262,0.622110139226219
100,100,100,50,10,0.471740554559072,28.1246812391234,0.0478032373940454,0.501670160270915,25.15,0.256006000498822,29.954512980804,0.32943601235823,0.697752211488361
100,100,100,70,10,0.363579701513132,29.7331544174958,0.0686332004296615,0.640083948715254,19.8,0.213029382413282,30.2821513147066,0.295100829617825,0.750955081536513
100,100,100,100,10,0.288281500140031,30.6320054946211,0.0731569368419903,0.598669585715448,15.63,0.191945109843258,30.4825399305059,0.173700186042558,0.652586465378157
104,80,80,0,1,0.561114354570498,31.8749560883121,0,0,7.34,0.532022682811994,33.0704737247703,0,0
104,80,80,10,10,0.97026657629726,3.6862146049733,0.000402083203279315,1.16089620767799,88.05,0.908473446027963,9.84747846902011,0.192175717584786,1.46135728856434
108,90,90,10,10,0.936421912157478,9.71848517039414,0.000461247655482475,2.0725941976497,79.95,0.850028491300328,13.9816348175784,0.191685883719767,1.48893192298208
110,100,100,0,1,0.206681907096772,30.0726311307335,0,0,4.47,0.185572759439857,29.9377784055241,0,0
110,100,100,10,10,0.868641441022245,15.2629922319494,0.00027679583024503,2.49187384712231,74.9,0.768447026530013,17.0429919134535,0.227497553747148,2.02103343583029
110,110,110,10,1,0.161385014844252,28.2171342786785,0,0,7.45,0.158557349783175,27.8519623909117,0,0
110,110,110,10,10,0.805818246667707,17.0091844513917,0.000386297572038572,1.91967741335677,66.3,0.683815439819523,18.7092527076666,0.307138892531237,1.64374679853021
112,80,80,0,1,0.626487020846031,30.2773469338271,0,0,12.17,0.589563142620918,31.7377382515089,0,0
112,80,80,1,10,0.984162021079116,2.49278123787919,0.000204535519471095,1.13408055319337,108.75,0.965977410642774,3.46276473887582,0.110275497560365,0.806804733753623
112,80,80,2,10,0.983482217637314,2.58148440144853,0.000235728675724584,1.1903265849164,107.55,0.960359175493809,3.92093665285573,0.120385055666731,0.929077651641665
112,80,80,3,10,0.982620130981327,2.67381709161872,0.00024332466338514,1.18511518722021,104.8,0.955649258142137,4.30649701649389,0.123115924400249,1.00643380106013
112,80,80,5,10,0.980470169177398,2.86746171225373,0.000252712300439441,1.20304003834201,99.9,0.948328272397784,5.13302658544587,0.125563342909143,1.15167193021567
112,80,80,7,10,0.977849414932817,3.0681925899553,0.000305064526709967,1.28012738167253,96.05,0.944026687844064,5.92823757574294,0.116967092686684,1.26340224427081
112,80,80,10,10,0.973411354012365,3.36314440180558,0.000257371711813142,1.18976510582275,89.65,0.923736252774397,8.34134256531437,0.142859675996533,1.35683557554005
112,80,80,15,10,0.965447118154997,3.98888783993676,0.000337565405835572,1.37125482635988,80.6,0.890080435424035,11.3060447454091,0.179577398565964,1.35192385100085
112,80,80,20,10,0.950524171458863,7.46740226608264,0.000329328559776709,1.93516284893957,73.8,0.863554420263006,13.5315206848037,0.195636830895214,1.35986427579152
112,80,80,30,10,0.894820426926072,16.4012045118844,0.000382325925841902,1.18972182582412,59.5,0.828338536704878,16.8453638050259,0.168864808803827,1.21828490755708
112,80,80,50,10,0.820812795748519,22.1048995053768,0.000510611781391071,0.621742316698502,40.9,0.762042769587852,22.7663515419312,0.127598451502071,0.725151507872838
112,80,80,70,10,0.756737571457092,25.0474075578263,0.00782005692985962,0.724055388387752,27.25,0.694833992869759,26.8840135546248,0.102469406841195,0.774055879857464
112,80,80,100,10,0.711703176907279,27.1409926290865,0.0101755185390434,0.847327787406698,19,0.652749341022395,29.4323566671894,0.0614006196053301,0.86093248273555
117,90,90,10,10,0.948911682234826,6.92843390565683,0.000625690457292921,1.98103978239048,82.2,0.855226335113189,13.2055778468219,0.184098158943269,1.77533437186906
120,100,100,0,1,0.204987459454882,29.2009740358403,0,0,3.95,0.159706054297719,29.204964064221,0,0
120,100,100,10,10,0.886491259486355,14.0233934236719,0.000245081516907995,2.37310484906134,75.2,0.786094649500084,16.123411384195,0.197190139256002,1.92575180994472
120,120,120,10,1,0.123774027519558,25.8024736490361,0,0,4.35,0.101906543187555,25.549916554433,0,0
120,120,120,10,10,NaN,NaN,NaN,NaN,60.95,NaN,NaN,NaN,NaN
121,110,110,10,10,0.828556964251383,15.9643525406396,0.000290499009962423,1.91972214327709,68.4,0.708453989202327,17.8065854622727,0.238383432249391,1.69159628347453
130,100,100,0,1,0.214295215467962,28.3574039248287,0,0,-0.67,0.208230470573558,28.4523890038078,0,0
130,100,100,10,10,NaN,NaN,NaN,NaN,77.3737373737374,NaN,NaN,NaN,NaN
132,110,110,10,10,0.847876880394573,15.0172130583409,0.000206132706336299,1.53215772435992,71.35,0.724510555668259,17.102202558881,0.206742959944631,1.39155030918612
132,120,120,10,10,0.796610325536421,15.8635297834119,0.00022302824258952,1.37876775374035,64.5,0.66556519548536,17.7471405368546,0.213554710469134,1.30333831521485
140,100,100,0,1,0.254396787318455,27.1405204693539,0,0,0.84,0.214138405174531,27.5222304216383,0,0
140,100,100,1,10,NaN,NaN,NaN,NaN,96.45,NaN,NaN,NaN,NaN
140,100,100,2,10,0.964423287340681,3.73637862235495,0.000319831682887816,1.36836936533993,93.7878787878788,0.878525095408323,10.2744904638924,0.147988091706311,1.90337258493805
140,100,100,3,10,0.961753100718582,4.234265262763,0.000324646662029056,1.77909573282518,91.4,0.873910842516613,10.7038188164845,0.144537728981979,1.95877341327896
140,100,100,5,10,0.954864652432102,5.15598320168786,0.000357900418808616,1.80812170023728,88.1,0.85045260400678,12.1415530691238,0.16285575047066,1.94178191570433
140,100,100,7,10,0.943909083639465,7.32282853435496,0.000371241283527844,2.27784587053435,84.05,0.834673858202041,13.1168870234494,0.163813579467056,1.83441004368856
140,100,100,10,10,0.915100980540971,11.6957792829179,0.000329178724569423,1.70336531977466,78.75,0.809305949902608,14.5123685336185,0.170122676000199,1.44679005375629
140,100,100,15,10,0.874013590854761,14.8778064414424,0.000343057123792207,0.963519269266716,70.2,0.770655864141173,16.6350379901573,0.17020666091814,0.969046715812537
140,100,100,20,10,NaN,NaN,NaN,NaN,61.9,NaN,NaN,NaN,NaN
140,100,100,30,10,0.77739964464212,19.7554910382294,0.000375110857592308,0.471605754787281,46.9,0.672986070978093,21.4438594154595,0.164509051881812,0.633379057619027
140,100,100,50,10,0.667240496777888,22.998700227452,0.0181103278391107,0.469982905418663,25.55,0.546446554820649,25.6236593399401,0.162210838683411,0.590524031093259
140,100,100,70,10,0.572768870593735,24.7587619450322,0.04021772420161,0.499661525617435,16.37,0.460081949466458,26.8342984771179,0.177870779491247,0.616684214299174
140,100,100,100,10,NaN,NaN,NaN,NaN,9.55,NaN,NaN,NaN,NaN
140,140,140,10,10,NaN,NaN,NaN,NaN,52.9,NaN,NaN,NaN,NaN
143,110,110,10,10,NaN,NaN,NaN,NaN,74.3,NaN,NaN,NaN,NaN
144,120,120,10,10,NaN,NaN,NaN,NaN,67.5,NaN,NaN,NaN,NaN
150,50,50,1,10,0.998783534611815,0.0227315598491788,0.000312210959119658,0.354976671446503,NaN,NaN,NaN,NaN,NaN
150,50,50,50,10,0.990338418941463,0.0438161724125924,0.00051279788007423,0.543499794024166,112.65,0.973540823804087,0.22002736093025,0.0233422060011038,0.859466402190116
156,120,120,10,10,0.830212053745568,14.5236250280396,0.000230722025307237,1.54622667622698,68.2,0.689924093874786,16.5754980316103,0.19350016113942,1.4705428416675
160,100,100,1,10,NaN,NaN,NaN,NaN,97.3,NaN,NaN,NaN,NaN
160,100,100,10,10,0.934311499197098,9.70147481924779,0.000199172491495772,2.04917379507286,81.3,0.826106731950958,13.3989183899361,0.15599380942478,1.58116695262436
160,100,100,20,10,0.867473765745885,15.2102686370646,0.000173221165489175,1.14151993193326,68.7,0.768236821943665,16.3332973487449,0.16123510370582,1.28893006072674
180,100,100,10,10,0.954533518857686,5.55046573079964,0.000175276216625537,1.978656503153,84.75,0.843326804346441,12.3496169375414,0.131441194440817,1.57974742237972
200,50,50,1,10,0.998919049915916,0.0201552890495871,0.000378260043150339,0.473257830877113,NaN,NaN,NaN,NaN,NaN
200,50,50,50,10,0.991501904750273,0.020695951982397,0.00034150258105651,0.881716854148272,123.95,0.96731269194603,0.124227831262215,0.0186026445147762,0.78738099830236
200,100,100,1,10,NaN,NaN,NaN,NaN,98.95,NaN,NaN,NaN,NaN
200,100,100,10,10,NaN,NaN,NaN,NaN,86.75,NaN,NaN,NaN,NaN
200,100,100,20,10,NaN,NaN,NaN,NaN,75.9,NaN,NaN,NaN,NaN
200,100,100,100,10,0.766856349609776,13.1249736332311,0.000297014231511357,0.640714112876155,44.8148148148148,0.732145691522393,12.4923737253965,0.232621754356306,0.841537670578494
200,200,200,10,1,NaN,NaN,NaN,NaN,10.37,NaN,NaN,NaN,NaN
200,200,200,10,10,0.637234283185248,11.6766442853944,0.00409186819890562,0.770840866343324,29.2307692307692,0.447347817418772,13.038191467962,0.153427564822344,0.798195334328462
400,40,40,0,1,0.995805950669272,0.0424040351964946,0,0,136,0.960947995134589,0.0618598046600689,0,0
440,40,40,0,1,0.995803590281486,0.0456491139066873,0,0,136.4,0.960768164551489,0.0441375719441131,0,0
480,40,40,0,1,0.99580164249663,0.0347645320862134,0,0,NaN,NaN,NaN,NaN,NaN
500,50,50,0,1,0.991218071985698,0.0471329580282672,0,0,135.1,0.945034667085301,0.0483810120169503,0,0
520,40,40,0,1,0.995787321197319,0.0133680667955416,0,0,136.6,0.960781798718194,0.0318195834935367,0,0
560,40,40,0,1,0.995712025348467,0.0210863793175348,0,0,137.4,0.960109165703541,0.0289709203957511,0,0
600,60,60,0,1,0.98540743756981,0.0218615580433009,0,0,131.35,0.935829604635681,0.0797489394993378,0,0
700,50,50,0,1,0.991235374644367,0.0040836758687262,0,0,136,0.944984945876533,0.0359818078010388,0,0
700,70,70,0,1,0.978338890048138,0.098140938764428,0,0,126.2,0.928402071781451,0.168329568167443,0,0
800,80,80,0,1,0.948178419919461,0.160584093533964,0,0,117.15,0.912629225863767,0.623842460346128,0,0
840,60,60,0,1,0.985364359026505,0.0102543425228616,0,0,132.25,0.935972108999667,0.0627237357517537,0,0
900,90,90,0,1,0.927180837549963,0.249099660401705,0,0,107.4,0.886483002381478,0.72180352971041,0,0
980,70,70,0,1,0.978362642077825,0.0702945377525261,0,0,126.9,0.929595003961795,0.0155852280293008,0,0
1000,100,100,0,1,0.907751932009106,0.15071941237122,0,0,99.25,0.821305122874169,0.472139153553992,0,0
1120,80,80,0,1,0.949371884798038,0.222365529222876,0,0,117.75,0.919023361175264,0.469977916203437,0,0
1400,100,100,0,1,0.914111119316522,0.119750410268934,0,0,100.5,0.836756410096299,0.438850017294396,0,0
2000,200,200,0,1,0.714668582954551,0.0137433175602336,0,0,30,0.577477085386338,0.013855355123464,0,0
